--
-- PostgreSQL database dump
--

-- Dumped from database version 16.4 (Debian 16.4-1.pgdg120+1)
-- Dumped by pg_dump version 16.4 (Debian 16.4-1.pgdg120+1)

SET statement_timeout = 0;
SET lock_timeout = 0;
SET idle_in_transaction_session_timeout = 0;
SET client_encoding = 'UTF8';
SET standard_conforming_strings = on;
SELECT pg_catalog.set_config('search_path', '', false);
SET check_function_bodies = false;
SET xmloption = content;
SET client_min_messages = warning;
SET row_security = off;

SET default_tablespace = '';

SET default_table_access_method = heap;

--
-- Name: Study_group; Type: TABLE; Schema: public; Owner: postgres
--

CREATE TABLE public."Study_group" (
    id bigint NOT NULL,
    org_id bigint NOT NULL,
    name character varying(255) NOT NULL
);


ALTER TABLE public."Study_group" OWNER TO postgres;

--
-- Name: Study_group_id_seq; Type: SEQUENCE; Schema: public; Owner: postgres
--

ALTER TABLE public."Study_group" ALTER COLUMN id ADD GENERATED BY DEFAULT AS IDENTITY (
    SEQUENCE NAME public."Study_group_id_seq"
    START WITH 1
    INCREMENT BY 1
    NO MINVALUE
    NO MAXVALUE
    CACHE 1
);


--
-- Name: Study_location; Type: TABLE; Schema: public; Owner: postgres
--

CREATE TABLE public."Study_location" (
    id bigint NOT NULL,
    name character varying(255) NOT NULL,
    gps_lat double precision NOT NULL,
    gps_long double precision NOT NULL,
    gps_radius double precision NOT NULL,
    org_id bigint NOT NULL
);


ALTER TABLE public."Study_location" OWNER TO postgres;

--
-- Name: Study_location_id_seq; Type: SEQUENCE; Schema: public; Owner: postgres
--

ALTER TABLE public."Study_location" ALTER COLUMN id ADD GENERATED BY DEFAULT AS IDENTITY (
    SEQUENCE NAME public."Study_location_id_seq"
    START WITH 1
    INCREMENT BY 1
    NO MINVALUE
    NO MAXVALUE
    CACHE 1
);


--
-- Name: Study_org; Type: TABLE; Schema: public; Owner: postgres
--

CREATE TABLE public."Study_org" (
    id bigint NOT NULL,
    name character varying(255) NOT NULL,
    reg_code character varying(255) NOT NULL,
    school character varying(255) NOT NULL,
    study_req double precision NOT NULL,
    study_goal double precision NOT NULL
);


ALTER TABLE public."Study_org" OWNER TO postgres;

--
-- Name: Study_org_id_seq; Type: SEQUENCE; Schema: public; Owner: postgres
--

ALTER TABLE public."Study_org" ALTER COLUMN id ADD GENERATED BY DEFAULT AS IDENTITY (
    SEQUENCE NAME public."Study_org_id_seq"
    START WITH 1
    INCREMENT BY 1
    NO MINVALUE
    NO MAXVALUE
    CACHE 1
);


--
-- Name: Study_period; Type: TABLE; Schema: public; Owner: postgres
--

CREATE TABLE public."Study_period" (
    id bigint NOT NULL,
    start date NOT NULL,
    "end" date NOT NULL,
    org_id bigint NOT NULL
);


ALTER TABLE public."Study_period" OWNER TO postgres;

--
-- Name: Study_period_id_seq; Type: SEQUENCE; Schema: public; Owner: postgres
--

ALTER TABLE public."Study_period" ALTER COLUMN id ADD GENERATED BY DEFAULT AS IDENTITY (
    SEQUENCE NAME public."Study_period_id_seq"
    START WITH 1
    INCREMENT BY 1
    NO MINVALUE
    NO MAXVALUE
    CACHE 1
);


--
-- Name: Study_session; Type: TABLE; Schema: public; Owner: postgres
--

CREATE TABLE public."Study_session" (
    id bigint NOT NULL,
    start_time timestamp with time zone NOT NULL,
    hours double precision,
    before_pic character varying(255),
    after_pic character varying(255),
    location_id bigint,
    org_id bigint NOT NULL,
    user_id bigint NOT NULL
);


ALTER TABLE public."Study_session" OWNER TO postgres;

--
-- Name: Study_session_id_seq; Type: SEQUENCE; Schema: public; Owner: postgres
--

ALTER TABLE public."Study_session" ALTER COLUMN id ADD GENERATED BY DEFAULT AS IDENTITY (
    SEQUENCE NAME public."Study_session_id_seq"
    START WITH 1
    INCREMENT BY 1
    NO MINVALUE
    NO MAXVALUE
    CACHE 1
);


--
-- Name: Study_user; Type: TABLE; Schema: public; Owner: postgres
--

CREATE TABLE public."Study_user" (
    id bigint NOT NULL,
    first_name character varying(255) NOT NULL,
    last_name character varying(255) NOT NULL,
    is_staff boolean NOT NULL,
    email character varying(254) NOT NULL,
    password character varying(255) NOT NULL,
    phone_number character varying(20),
    group_id integer,
    live boolean NOT NULL,
    last_location_id bigint,
    org_id bigint,
    is_superuser boolean NOT NULL,
    last_login timestamp with time zone
);


ALTER TABLE public."Study_user" OWNER TO postgres;

--
-- Name: Study_user_id_seq; Type: SEQUENCE; Schema: public; Owner: postgres
--

ALTER TABLE public."Study_user" ALTER COLUMN id ADD GENERATED BY DEFAULT AS IDENTITY (
    SEQUENCE NAME public."Study_user_id_seq"
    START WITH 1
    INCREMENT BY 1
    NO MINVALUE
    NO MAXVALUE
    CACHE 1
);


--
-- Name: auth_group; Type: TABLE; Schema: public; Owner: postgres
--

CREATE TABLE public.auth_group (
    id integer NOT NULL,
    name character varying(150) NOT NULL
);


ALTER TABLE public.auth_group OWNER TO postgres;

--
-- Name: auth_group_id_seq; Type: SEQUENCE; Schema: public; Owner: postgres
--

ALTER TABLE public.auth_group ALTER COLUMN id ADD GENERATED BY DEFAULT AS IDENTITY (
    SEQUENCE NAME public.auth_group_id_seq
    START WITH 1
    INCREMENT BY 1
    NO MINVALUE
    NO MAXVALUE
    CACHE 1
);


--
-- Name: auth_group_permissions; Type: TABLE; Schema: public; Owner: postgres
--

CREATE TABLE public.auth_group_permissions (
    id bigint NOT NULL,
    group_id integer NOT NULL,
    permission_id integer NOT NULL
);


ALTER TABLE public.auth_group_permissions OWNER TO postgres;

--
-- Name: auth_group_permissions_id_seq; Type: SEQUENCE; Schema: public; Owner: postgres
--

ALTER TABLE public.auth_group_permissions ALTER COLUMN id ADD GENERATED BY DEFAULT AS IDENTITY (
    SEQUENCE NAME public.auth_group_permissions_id_seq
    START WITH 1
    INCREMENT BY 1
    NO MINVALUE
    NO MAXVALUE
    CACHE 1
);


--
-- Name: auth_permission; Type: TABLE; Schema: public; Owner: postgres
--

CREATE TABLE public.auth_permission (
    id integer NOT NULL,
    name character varying(255) NOT NULL,
    content_type_id integer NOT NULL,
    codename character varying(100) NOT NULL
);


ALTER TABLE public.auth_permission OWNER TO postgres;

--
-- Name: auth_permission_id_seq; Type: SEQUENCE; Schema: public; Owner: postgres
--

ALTER TABLE public.auth_permission ALTER COLUMN id ADD GENERATED BY DEFAULT AS IDENTITY (
    SEQUENCE NAME public.auth_permission_id_seq
    START WITH 1
    INCREMENT BY 1
    NO MINVALUE
    NO MAXVALUE
    CACHE 1
);


--
-- Name: auth_user; Type: TABLE; Schema: public; Owner: postgres
--

CREATE TABLE public.auth_user (
    id integer NOT NULL,
    password character varying(128) NOT NULL,
    last_login timestamp with time zone,
    is_superuser boolean NOT NULL,
    username character varying(150) NOT NULL,
    first_name character varying(150) NOT NULL,
    last_name character varying(150) NOT NULL,
    email character varying(254) NOT NULL,
    is_staff boolean NOT NULL,
    is_active boolean NOT NULL,
    date_joined timestamp with time zone NOT NULL
);


ALTER TABLE public.auth_user OWNER TO postgres;

--
-- Name: auth_user_groups; Type: TABLE; Schema: public; Owner: postgres
--

CREATE TABLE public.auth_user_groups (
    id bigint NOT NULL,
    user_id integer NOT NULL,
    group_id integer NOT NULL
);


ALTER TABLE public.auth_user_groups OWNER TO postgres;

--
-- Name: auth_user_groups_id_seq; Type: SEQUENCE; Schema: public; Owner: postgres
--

ALTER TABLE public.auth_user_groups ALTER COLUMN id ADD GENERATED BY DEFAULT AS IDENTITY (
    SEQUENCE NAME public.auth_user_groups_id_seq
    START WITH 1
    INCREMENT BY 1
    NO MINVALUE
    NO MAXVALUE
    CACHE 1
);


--
-- Name: auth_user_id_seq; Type: SEQUENCE; Schema: public; Owner: postgres
--

ALTER TABLE public.auth_user ALTER COLUMN id ADD GENERATED BY DEFAULT AS IDENTITY (
    SEQUENCE NAME public.auth_user_id_seq
    START WITH 1
    INCREMENT BY 1
    NO MINVALUE
    NO MAXVALUE
    CACHE 1
);


--
-- Name: auth_user_user_permissions; Type: TABLE; Schema: public; Owner: postgres
--

CREATE TABLE public.auth_user_user_permissions (
    id bigint NOT NULL,
    user_id integer NOT NULL,
    permission_id integer NOT NULL
);


ALTER TABLE public.auth_user_user_permissions OWNER TO postgres;

--
-- Name: auth_user_user_permissions_id_seq; Type: SEQUENCE; Schema: public; Owner: postgres
--

ALTER TABLE public.auth_user_user_permissions ALTER COLUMN id ADD GENERATED BY DEFAULT AS IDENTITY (
    SEQUENCE NAME public.auth_user_user_permissions_id_seq
    START WITH 1
    INCREMENT BY 1
    NO MINVALUE
    NO MAXVALUE
    CACHE 1
);


--
-- Name: django_admin_log; Type: TABLE; Schema: public; Owner: postgres
--

CREATE TABLE public.django_admin_log (
    id integer NOT NULL,
    action_time timestamp with time zone NOT NULL,
    object_id text,
    object_repr character varying(200) NOT NULL,
    action_flag smallint NOT NULL,
    change_message text NOT NULL,
    content_type_id integer,
    user_id bigint NOT NULL,
    CONSTRAINT django_admin_log_action_flag_check CHECK ((action_flag >= 0))
);


ALTER TABLE public.django_admin_log OWNER TO postgres;

--
-- Name: django_admin_log_id_seq; Type: SEQUENCE; Schema: public; Owner: postgres
--

ALTER TABLE public.django_admin_log ALTER COLUMN id ADD GENERATED BY DEFAULT AS IDENTITY (
    SEQUENCE NAME public.django_admin_log_id_seq
    START WITH 1
    INCREMENT BY 1
    NO MINVALUE
    NO MAXVALUE
    CACHE 1
);


--
-- Name: django_content_type; Type: TABLE; Schema: public; Owner: postgres
--

CREATE TABLE public.django_content_type (
    id integer NOT NULL,
    app_label character varying(100) NOT NULL,
    model character varying(100) NOT NULL
);


ALTER TABLE public.django_content_type OWNER TO postgres;

--
-- Name: django_content_type_id_seq; Type: SEQUENCE; Schema: public; Owner: postgres
--

ALTER TABLE public.django_content_type ALTER COLUMN id ADD GENERATED BY DEFAULT AS IDENTITY (
    SEQUENCE NAME public.django_content_type_id_seq
    START WITH 1
    INCREMENT BY 1
    NO MINVALUE
    NO MAXVALUE
    CACHE 1
);


--
-- Name: django_migrations; Type: TABLE; Schema: public; Owner: postgres
--

CREATE TABLE public.django_migrations (
    id bigint NOT NULL,
    app character varying(255) NOT NULL,
    name character varying(255) NOT NULL,
    applied timestamp with time zone NOT NULL
);


ALTER TABLE public.django_migrations OWNER TO postgres;

--
-- Name: django_migrations_id_seq; Type: SEQUENCE; Schema: public; Owner: postgres
--

ALTER TABLE public.django_migrations ALTER COLUMN id ADD GENERATED BY DEFAULT AS IDENTITY (
    SEQUENCE NAME public.django_migrations_id_seq
    START WITH 1
    INCREMENT BY 1
    NO MINVALUE
    NO MAXVALUE
    CACHE 1
);


--
-- Name: django_session; Type: TABLE; Schema: public; Owner: postgres
--

CREATE TABLE public.django_session (
    session_key character varying(40) NOT NULL,
    session_data text NOT NULL,
    expire_date timestamp with time zone NOT NULL
);


ALTER TABLE public.django_session OWNER TO postgres;

--
-- Data for Name: Study_group; Type: TABLE DATA; Schema: public; Owner: postgres
--

COPY public."Study_group" (id, org_id, name) FROM stdin;
\.


--
-- Data for Name: Study_location; Type: TABLE DATA; Schema: public; Owner: postgres
--

COPY public."Study_location" (id, name, gps_lat, gps_long, gps_radius, org_id) FROM stdin;
1	Alkek	5	3	3	3
2	jimmys	12	23	1	3
4	fdfd	123	12312	12312	3
5	pooper nuigs	213	2323	4242	3
6	NOWAY	123	123	123	4
7	coomer	123	123	123	3
\.


--
-- Data for Name: Study_org; Type: TABLE DATA; Schema: public; Owner: postgres
--

COPY public."Study_org" (id, name, reg_code, school, study_req, study_goal) FROM stdin;
3	Phi Tau	FERD2025	Texas State University	1	2
4	Black Frat	Blackie1	UCLA	1	2
\.


--
-- Data for Name: Study_period; Type: TABLE DATA; Schema: public; Owner: postgres
--

COPY public."Study_period" (id, start, "end", org_id) FROM stdin;
\.


--
-- Data for Name: Study_session; Type: TABLE DATA; Schema: public; Owner: postgres
--

COPY public."Study_session" (id, start_time, hours, before_pic, after_pic, location_id, org_id, user_id) FROM stdin;
1	2024-11-23 22:50:40.093501+00	10.253541307777777	\N	\N	1	3	2
2	2025-01-09 04:26:23+00	\N	\N	\N	1	3	3
3	2025-01-09 04:27:56+00	\N	\N	\N	6	4	14
4	2025-01-09 04:28:56+00	\N	\N	\N	6	4	2
\.


--
-- Data for Name: Study_user; Type: TABLE DATA; Schema: public; Owner: postgres
--

COPY public."Study_user" (id, first_name, last_name, is_staff, email, password, phone_number, group_id, live, last_location_id, org_id, is_superuser, last_login) FROM stdin;
1	Jon	Doe	t	ss@ss.com	pbkdf2_sha256$870000$5mPYheJgqWPxRZlLS71ow6$J5UBrdHh2T3HH/x3YvZp2H7wd6EiPki6kKwJaTvBlVE=	\N	\N	f	\N	\N	t	2024-11-23 22:41:03.969327+00
3	sam	wickel	f	sam@sam.com	pbkdf2_sha256$870000$Js36CXGfJJQVlu8D56JGFb$UR03dt0ibxsqh4cfQ58V8WduQpDYQCnU9WSkVnzjYZo=	6016226888	\N	f	\N	3	f	\N
6	Sam	dad	f	samwbryant@gmail.comy	pbkdf2_sha256$870000$x4H5s0XBRqFVK0ONZ12me9$BCm3ByxdSF5a9+ZjGtAJei21uThXgtuWjz0pn91iGe0=		\N	f	\N	3	f	\N
7	Sam	dad	f	samwbryant@gmail.comyt	pbkdf2_sha256$870000$a2yyDIBfEogA8lUx2VLJlG$Tro1jcaTNDuBcTsgK2jsmf1tZEOsqJp5w6Wz9jAO7TM=		\N	f	\N	3	f	\N
8	Jon	Doe	t	sam@sam.sam	pbkdf2_sha256$870000$DXUEH8fPnBaNySpjynnAk5$DHUS8AApdbfL8C0y42kWD9O2U7ooeoQvxMAXwrl6lnU=	\N	\N	f	\N	\N	t	2025-01-06 16:57:23.449632+00
9	wee	qweqw	f	qweqwe@qweq.com	pbkdf2_sha256$870000$xWnmelfh5LagR37eljMQ0K$nCqhkXW1CqOjmmdFVTn45zjCYMxhKGGjVpMMNxGxOiY=		\N	f	\N	3	f	\N
10	wee	qweqw	f	qweqwe@qweq.coms	pbkdf2_sha256$870000$Y1JlS3pGO1pZAzWohxcSal$Al87atoczD7+pBC5DItC4ebTCQit3hFT7XFnmPtmsRA=		\N	f	\N	3	f	\N
11	sss	sss	f	sam@sam.samss	pbkdf2_sha256$870000$DbcYlXTzf4Ic1xX0hhu82r$gGlyTPZ/teqc5g0t5BkDDKon4RdIIL3wE6GXRKbXlqk=		\N	f	\N	3	f	\N
12	sam	jim	f	gim@gim.bi	pbkdf2_sha256$870000$6hkNmXz3C0BmXTW0XgA8cR$lj/6ufZdiJ3orJF/QSlYy2s46nZQuKNlP6w8l+xPDT8=		\N	f	\N	3	f	\N
13	sad	dad	f	dad@sad.dad	pbkdf2_sha256$870000$QiC4uJ1RDGxapBOW85Cr0y$sEoiiU6beEITKjjQuSeGeKzdpWapAHTsO+hxJbTkrTs=		\N	f	\N	3	f	\N
14	black	guy	f	black@black.com	aggie1234	\N	\N	f	\N	4	f	\N
2	Sam	Bryant	t	samwbryant@gmail.com	pbkdf2_sha256$870000$CmfeZLMxo5V3dWDIl3BWP7$5MKH3N4E5jUU+ea3bnsRPRBlhEHGQ6CZIFVl6MAcZkg=	2146016220	\N	f	\N	3	f	\N
\.


--
-- Data for Name: auth_group; Type: TABLE DATA; Schema: public; Owner: postgres
--

COPY public.auth_group (id, name) FROM stdin;
\.


--
-- Data for Name: auth_group_permissions; Type: TABLE DATA; Schema: public; Owner: postgres
--

COPY public.auth_group_permissions (id, group_id, permission_id) FROM stdin;
\.


--
-- Data for Name: auth_permission; Type: TABLE DATA; Schema: public; Owner: postgres
--

COPY public.auth_permission (id, name, content_type_id, codename) FROM stdin;
1	Can add log entry	1	add_logentry
2	Can change log entry	1	change_logentry
3	Can delete log entry	1	delete_logentry
4	Can view log entry	1	view_logentry
5	Can add permission	2	add_permission
6	Can change permission	2	change_permission
7	Can delete permission	2	delete_permission
8	Can view permission	2	view_permission
9	Can add group	3	add_group
10	Can change group	3	change_group
11	Can delete group	3	delete_group
12	Can view group	3	view_group
13	Can add user	4	add_user
14	Can change user	4	change_user
15	Can delete user	4	delete_user
16	Can view user	4	view_user
17	Can add content type	5	add_contenttype
18	Can change content type	5	change_contenttype
19	Can delete content type	5	delete_contenttype
20	Can view content type	5	view_contenttype
21	Can add session	6	add_session
22	Can change session	6	change_session
23	Can delete session	6	delete_session
24	Can view session	6	view_session
25	Can add group	7	add_group
26	Can change group	7	change_group
27	Can delete group	7	delete_group
28	Can view group	7	view_group
29	Can add location	8	add_location
30	Can change location	8	change_location
31	Can delete location	8	delete_location
32	Can view location	8	view_location
33	Can add org	9	add_org
34	Can change org	9	change_org
35	Can delete org	9	delete_org
36	Can view org	9	view_org
37	Can add period	10	add_period
38	Can change period	10	change_period
39	Can delete period	10	delete_period
40	Can view period	10	view_period
41	Can add session	11	add_session
42	Can change session	11	change_session
43	Can delete session	11	delete_session
44	Can view session	11	view_session
45	Can add user	12	add_user
46	Can change user	12	change_user
47	Can delete user	12	delete_user
48	Can view user	12	view_user
\.


--
-- Data for Name: auth_user; Type: TABLE DATA; Schema: public; Owner: postgres
--

COPY public.auth_user (id, password, last_login, is_superuser, username, first_name, last_name, email, is_staff, is_active, date_joined) FROM stdin;
\.


--
-- Data for Name: auth_user_groups; Type: TABLE DATA; Schema: public; Owner: postgres
--

COPY public.auth_user_groups (id, user_id, group_id) FROM stdin;
\.


--
-- Data for Name: auth_user_user_permissions; Type: TABLE DATA; Schema: public; Owner: postgres
--

COPY public.auth_user_user_permissions (id, user_id, permission_id) FROM stdin;
\.


--
-- Data for Name: django_admin_log; Type: TABLE DATA; Schema: public; Owner: postgres
--

COPY public.django_admin_log (id, action_time, object_id, object_repr, action_flag, change_message, content_type_id, user_id) FROM stdin;
1	2024-11-23 22:45:09.935999+00	2	T	1	[{"added": {}}]	9	1
2	2024-11-23 22:45:21.800825+00	2	T	3		9	1
3	2024-11-23 22:45:37.684624+00	3	Phi Tau	1	[{"added": {}}]	9	1
4	2024-11-23 22:48:45.252558+00	2	Sam Bryant	2	[{"changed": {"fields": ["Is staff"]}}]	12	1
5	2024-11-23 22:50:11.870761+00	1	Alkek (5.0, 3.0)	1	[{"added": {}}]	8	1
6	2024-11-23 23:29:48.320472+00	4	Black Frat	1	[{"added": {}}]	9	1
7	2024-11-23 23:42:28.883776+00	2	Sam Bryant	2	[{"changed": {"fields": ["Is staff"]}}]	12	1
8	2024-11-23 23:59:24.619274+00	6	NOWAY (123.0, 123.0)	1	[{"added": {}}]	8	1
9	2024-11-24 00:00:01.045975+00	2	Sam Bryant	2	[{"changed": {"fields": ["Is staff"]}}]	12	1
10	2024-11-24 03:23:23.763495+00	2	Sam Bryant	2	[{"changed": {"fields": ["Is staff"]}}]	12	1
11	2024-11-24 03:27:34.654747+00	2	Sam Bryant	2	[{"changed": {"fields": ["Org"]}}]	12	1
12	2024-11-24 03:27:52.429771+00	2	Sam Bryant	2	[{"changed": {"fields": ["Org"]}}]	12	1
13	2025-01-09 04:25:37.584423+00	2	Sam Bryant	2	[{"changed": {"fields": ["Org"]}}]	12	8
14	2025-01-09 04:26:42.816849+00	2	Session 2 by sam wickel	1	[{"added": {}}]	11	8
15	2025-01-09 04:27:39.566681+00	14	black guy	1	[{"added": {}}]	12	8
16	2025-01-09 04:28:06.691278+00	3	Session 3 by black guy	1	[{"added": {}}]	11	8
17	2025-01-09 04:29:08.641926+00	4	Session 4 by Sam Bryant	1	[{"added": {}}]	11	8
18	2025-01-10 02:05:11.351894+00	2	Sam Bryant	2	[{"changed": {"fields": ["Is staff"]}}]	12	8
19	2025-01-10 02:33:55.4378+00	2	Sam Bryant	2	[{"changed": {"fields": ["Org"]}}]	12	8
\.


--
-- Data for Name: django_content_type; Type: TABLE DATA; Schema: public; Owner: postgres
--

COPY public.django_content_type (id, app_label, model) FROM stdin;
1	admin	logentry
2	auth	permission
3	auth	group
4	auth	user
5	contenttypes	contenttype
6	sessions	session
7	Study	group
8	Study	location
9	Study	org
10	Study	period
11	Study	session
12	Study	user
\.


--
-- Data for Name: django_migrations; Type: TABLE DATA; Schema: public; Owner: postgres
--

COPY public.django_migrations (id, app, name, applied) FROM stdin;
1	Study	0001_initial	2024-11-23 20:01:10.888831+00
2	Study	0002_remove_word_antonyms_remove_word_definition_and_more	2024-11-23 20:01:10.902434+00
3	Study	0003_group_location_org_period_session_user_delete_word_and_more	2024-11-23 20:01:10.979943+00
4	Study	0004_group_name	2024-11-23 20:01:10.986747+00
5	contenttypes	0001_initial	2024-11-23 20:01:10.997924+00
6	auth	0001_initial	2024-11-23 20:01:11.07233+00
10	contenttypes	0002_remove_content_type_name	2024-11-23 20:01:11.116341+00
11	auth	0002_alter_permission_name_max_length	2024-11-23 20:01:11.122839+00
12	auth	0003_alter_user_email_max_length	2024-11-23 20:01:11.128864+00
13	auth	0004_alter_user_username_opts	2024-11-23 20:01:11.133133+00
14	auth	0005_alter_user_last_login_null	2024-11-23 20:01:11.14087+00
15	auth	0006_require_contenttypes_0002	2024-11-23 20:01:11.142718+00
16	auth	0007_alter_validators_add_error_messages	2024-11-23 20:01:11.147508+00
17	auth	0008_alter_user_username_max_length	2024-11-23 20:01:11.15682+00
18	auth	0009_alter_user_last_name_max_length	2024-11-23 20:01:11.163581+00
19	auth	0010_alter_group_name_max_length	2024-11-23 20:01:11.171964+00
20	auth	0011_update_proxy_permissions	2024-11-23 20:01:11.17719+00
21	auth	0012_alter_user_first_name_max_length	2024-11-23 20:01:11.183933+00
22	sessions	0001_initial	2024-11-23 20:01:11.198573+00
23	Study	0005_rename_admin_user_is_staff_user_is_superuser_and_more	2024-11-23 20:05:56.639716+00
24	Study	0006_alter_user_first_name_alter_user_group_id_and_more	2024-11-23 20:05:56.659826+00
25	Study	0007_alter_user_org	2024-11-23 20:05:56.677832+00
26	Study	0008_alter_user_group_id_alter_user_last_location_and_more	2024-11-23 20:05:56.688722+00
27	Study	0009_alter_org_options	2024-11-23 20:05:56.695184+00
28	Study	0010_alter_session_options	2024-11-23 22:39:14.706202+00
29	admin	0001_initial	2024-11-23 22:44:41.708493+00
30	admin	0002_logentry_remove_auto_add	2024-11-23 22:44:41.712865+00
31	admin	0003_logentry_add_action_flag_choices	2024-11-23 22:44:41.717942+00
32	Study	0011_alter_location_options	2024-11-24 08:11:26.157615+00
33	Study	0012_user_user_email_ci_uniqueness	2025-01-04 06:02:45.936472+00
\.


--
-- Data for Name: django_session; Type: TABLE DATA; Schema: public; Owner: postgres
--

COPY public.django_session (session_key, session_data, expire_date) FROM stdin;
mn3r6aem4rbj7z2k7f6cx3pydnw4dgm6	.eJxVjEEOwiAQRe_C2hCmAwIu3fcMZIBBqoYmpV0Z765NutDtf-_9lwi0rTVsnZcwZXERIE6_W6T04LaDfKd2m2Wa27pMUe6KPGiX45z5eT3cv4NKvX5rAuvQQ8wQUfvBOstkQCEb5Yp1KqEvQ3axGCCOmFETABBqY9DqsxPvD8QENts:1tEyoJ:R4MQXDitT8uDsnjgLJ4m-9NydpglF28oN1Mg7MOUl1Y	2024-12-07 22:41:03.976454+00
rap3m4d5hbtn12iqw9f9v5a7ahnttvwm	.eJxVjDkOwjAUBe_iGlle8EZJzxmiZ_sbB5AtZakQdyeRUkD7Zua92YB1qcM60zSMmV2YZ6ffLSI9qe0gP9DunafelmmMfFf4QWd-65le18P9O6iY61Zbe5YoIvhQdFIBjgJUzDlJKQ2KUWS8kSBIOOE2WVMqTosMDStSZJ8v5_c4Ig:1tUqPr:DhQ6dfij-fk_XchFeDXTxPkPioS6cxCljNrzJz6aLco	2025-01-20 16:57:23.454227+00
\.


--
-- Name: Study_group_id_seq; Type: SEQUENCE SET; Schema: public; Owner: postgres
--

SELECT pg_catalog.setval('public."Study_group_id_seq"', 1, false);


--
-- Name: Study_location_id_seq; Type: SEQUENCE SET; Schema: public; Owner: postgres
--

SELECT pg_catalog.setval('public."Study_location_id_seq"', 7, true);


--
-- Name: Study_org_id_seq; Type: SEQUENCE SET; Schema: public; Owner: postgres
--

SELECT pg_catalog.setval('public."Study_org_id_seq"', 4, true);


--
-- Name: Study_period_id_seq; Type: SEQUENCE SET; Schema: public; Owner: postgres
--

SELECT pg_catalog.setval('public."Study_period_id_seq"', 1, false);


--
-- Name: Study_session_id_seq; Type: SEQUENCE SET; Schema: public; Owner: postgres
--

SELECT pg_catalog.setval('public."Study_session_id_seq"', 4, true);


--
-- Name: Study_user_id_seq; Type: SEQUENCE SET; Schema: public; Owner: postgres
--

SELECT pg_catalog.setval('public."Study_user_id_seq"', 14, true);


--
-- Name: auth_group_id_seq; Type: SEQUENCE SET; Schema: public; Owner: postgres
--

SELECT pg_catalog.setval('public.auth_group_id_seq', 1, false);


--
-- Name: auth_group_permissions_id_seq; Type: SEQUENCE SET; Schema: public; Owner: postgres
--

SELECT pg_catalog.setval('public.auth_group_permissions_id_seq', 1, false);


--
-- Name: auth_permission_id_seq; Type: SEQUENCE SET; Schema: public; Owner: postgres
--

SELECT pg_catalog.setval('public.auth_permission_id_seq', 48, true);


--
-- Name: auth_user_groups_id_seq; Type: SEQUENCE SET; Schema: public; Owner: postgres
--

SELECT pg_catalog.setval('public.auth_user_groups_id_seq', 1, false);


--
-- Name: auth_user_id_seq; Type: SEQUENCE SET; Schema: public; Owner: postgres
--

SELECT pg_catalog.setval('public.auth_user_id_seq', 1, false);


--
-- Name: auth_user_user_permissions_id_seq; Type: SEQUENCE SET; Schema: public; Owner: postgres
--

SELECT pg_catalog.setval('public.auth_user_user_permissions_id_seq', 1, false);


--
-- Name: django_admin_log_id_seq; Type: SEQUENCE SET; Schema: public; Owner: postgres
--

SELECT pg_catalog.setval('public.django_admin_log_id_seq', 19, true);


--
-- Name: django_content_type_id_seq; Type: SEQUENCE SET; Schema: public; Owner: postgres
--

SELECT pg_catalog.setval('public.django_content_type_id_seq', 12, true);


--
-- Name: django_migrations_id_seq; Type: SEQUENCE SET; Schema: public; Owner: postgres
--

SELECT pg_catalog.setval('public.django_migrations_id_seq', 33, true);


--
-- Name: Study_group Study_group_pkey; Type: CONSTRAINT; Schema: public; Owner: postgres
--

ALTER TABLE ONLY public."Study_group"
    ADD CONSTRAINT "Study_group_pkey" PRIMARY KEY (id);


--
-- Name: Study_location Study_location_pkey; Type: CONSTRAINT; Schema: public; Owner: postgres
--

ALTER TABLE ONLY public."Study_location"
    ADD CONSTRAINT "Study_location_pkey" PRIMARY KEY (id);


--
-- Name: Study_org Study_org_pkey; Type: CONSTRAINT; Schema: public; Owner: postgres
--

ALTER TABLE ONLY public."Study_org"
    ADD CONSTRAINT "Study_org_pkey" PRIMARY KEY (id);


--
-- Name: Study_period Study_period_pkey; Type: CONSTRAINT; Schema: public; Owner: postgres
--

ALTER TABLE ONLY public."Study_period"
    ADD CONSTRAINT "Study_period_pkey" PRIMARY KEY (id);


--
-- Name: Study_session Study_session_pkey; Type: CONSTRAINT; Schema: public; Owner: postgres
--

ALTER TABLE ONLY public."Study_session"
    ADD CONSTRAINT "Study_session_pkey" PRIMARY KEY (id);


--
-- Name: Study_user Study_user_email_key; Type: CONSTRAINT; Schema: public; Owner: postgres
--

ALTER TABLE ONLY public."Study_user"
    ADD CONSTRAINT "Study_user_email_key" UNIQUE (email);


--
-- Name: Study_user Study_user_pkey; Type: CONSTRAINT; Schema: public; Owner: postgres
--

ALTER TABLE ONLY public."Study_user"
    ADD CONSTRAINT "Study_user_pkey" PRIMARY KEY (id);


--
-- Name: auth_group auth_group_name_key; Type: CONSTRAINT; Schema: public; Owner: postgres
--

ALTER TABLE ONLY public.auth_group
    ADD CONSTRAINT auth_group_name_key UNIQUE (name);


--
-- Name: auth_group_permissions auth_group_permissions_group_id_permission_id_0cd325b0_uniq; Type: CONSTRAINT; Schema: public; Owner: postgres
--

ALTER TABLE ONLY public.auth_group_permissions
    ADD CONSTRAINT auth_group_permissions_group_id_permission_id_0cd325b0_uniq UNIQUE (group_id, permission_id);


--
-- Name: auth_group_permissions auth_group_permissions_pkey; Type: CONSTRAINT; Schema: public; Owner: postgres
--

ALTER TABLE ONLY public.auth_group_permissions
    ADD CONSTRAINT auth_group_permissions_pkey PRIMARY KEY (id);


--
-- Name: auth_group auth_group_pkey; Type: CONSTRAINT; Schema: public; Owner: postgres
--

ALTER TABLE ONLY public.auth_group
    ADD CONSTRAINT auth_group_pkey PRIMARY KEY (id);


--
-- Name: auth_permission auth_permission_content_type_id_codename_01ab375a_uniq; Type: CONSTRAINT; Schema: public; Owner: postgres
--

ALTER TABLE ONLY public.auth_permission
    ADD CONSTRAINT auth_permission_content_type_id_codename_01ab375a_uniq UNIQUE (content_type_id, codename);


--
-- Name: auth_permission auth_permission_pkey; Type: CONSTRAINT; Schema: public; Owner: postgres
--

ALTER TABLE ONLY public.auth_permission
    ADD CONSTRAINT auth_permission_pkey PRIMARY KEY (id);


--
-- Name: auth_user_groups auth_user_groups_pkey; Type: CONSTRAINT; Schema: public; Owner: postgres
--

ALTER TABLE ONLY public.auth_user_groups
    ADD CONSTRAINT auth_user_groups_pkey PRIMARY KEY (id);


--
-- Name: auth_user_groups auth_user_groups_user_id_group_id_94350c0c_uniq; Type: CONSTRAINT; Schema: public; Owner: postgres
--

ALTER TABLE ONLY public.auth_user_groups
    ADD CONSTRAINT auth_user_groups_user_id_group_id_94350c0c_uniq UNIQUE (user_id, group_id);


--
-- Name: auth_user auth_user_pkey; Type: CONSTRAINT; Schema: public; Owner: postgres
--

ALTER TABLE ONLY public.auth_user
    ADD CONSTRAINT auth_user_pkey PRIMARY KEY (id);


--
-- Name: auth_user_user_permissions auth_user_user_permissions_pkey; Type: CONSTRAINT; Schema: public; Owner: postgres
--

ALTER TABLE ONLY public.auth_user_user_permissions
    ADD CONSTRAINT auth_user_user_permissions_pkey PRIMARY KEY (id);


--
-- Name: auth_user_user_permissions auth_user_user_permissions_user_id_permission_id_14a6b632_uniq; Type: CONSTRAINT; Schema: public; Owner: postgres
--

ALTER TABLE ONLY public.auth_user_user_permissions
    ADD CONSTRAINT auth_user_user_permissions_user_id_permission_id_14a6b632_uniq UNIQUE (user_id, permission_id);


--
-- Name: auth_user auth_user_username_key; Type: CONSTRAINT; Schema: public; Owner: postgres
--

ALTER TABLE ONLY public.auth_user
    ADD CONSTRAINT auth_user_username_key UNIQUE (username);


--
-- Name: django_admin_log django_admin_log_pkey; Type: CONSTRAINT; Schema: public; Owner: postgres
--

ALTER TABLE ONLY public.django_admin_log
    ADD CONSTRAINT django_admin_log_pkey PRIMARY KEY (id);


--
-- Name: django_content_type django_content_type_app_label_model_76bd3d3b_uniq; Type: CONSTRAINT; Schema: public; Owner: postgres
--

ALTER TABLE ONLY public.django_content_type
    ADD CONSTRAINT django_content_type_app_label_model_76bd3d3b_uniq UNIQUE (app_label, model);


--
-- Name: django_content_type django_content_type_pkey; Type: CONSTRAINT; Schema: public; Owner: postgres
--

ALTER TABLE ONLY public.django_content_type
    ADD CONSTRAINT django_content_type_pkey PRIMARY KEY (id);


--
-- Name: django_migrations django_migrations_pkey; Type: CONSTRAINT; Schema: public; Owner: postgres
--

ALTER TABLE ONLY public.django_migrations
    ADD CONSTRAINT django_migrations_pkey PRIMARY KEY (id);


--
-- Name: django_session django_session_pkey; Type: CONSTRAINT; Schema: public; Owner: postgres
--

ALTER TABLE ONLY public.django_session
    ADD CONSTRAINT django_session_pkey PRIMARY KEY (session_key);


--
-- Name: Study_group_org_id_97608274; Type: INDEX; Schema: public; Owner: postgres
--

CREATE INDEX "Study_group_org_id_97608274" ON public."Study_group" USING btree (org_id);


--
-- Name: Study_location_org_id_5af65357; Type: INDEX; Schema: public; Owner: postgres
--

CREATE INDEX "Study_location_org_id_5af65357" ON public."Study_location" USING btree (org_id);


--
-- Name: Study_period_org_id_a7f6f93c; Type: INDEX; Schema: public; Owner: postgres
--

CREATE INDEX "Study_period_org_id_a7f6f93c" ON public."Study_period" USING btree (org_id);


--
-- Name: Study_session_location_id_483611d4; Type: INDEX; Schema: public; Owner: postgres
--

CREATE INDEX "Study_session_location_id_483611d4" ON public."Study_session" USING btree (location_id);


--
-- Name: Study_session_org_id_f1a94f24; Type: INDEX; Schema: public; Owner: postgres
--

CREATE INDEX "Study_session_org_id_f1a94f24" ON public."Study_session" USING btree (org_id);


--
-- Name: Study_session_user_id_475a1560; Type: INDEX; Schema: public; Owner: postgres
--

CREATE INDEX "Study_session_user_id_475a1560" ON public."Study_session" USING btree (user_id);


--
-- Name: Study_user_email_66dd3e09_like; Type: INDEX; Schema: public; Owner: postgres
--

CREATE INDEX "Study_user_email_66dd3e09_like" ON public."Study_user" USING btree (email varchar_pattern_ops);


--
-- Name: Study_user_last_location_id_06bd195a; Type: INDEX; Schema: public; Owner: postgres
--

CREATE INDEX "Study_user_last_location_id_06bd195a" ON public."Study_user" USING btree (last_location_id);


--
-- Name: Study_user_org_id_0f6947ca; Type: INDEX; Schema: public; Owner: postgres
--

CREATE INDEX "Study_user_org_id_0f6947ca" ON public."Study_user" USING btree (org_id);


--
-- Name: auth_group_name_a6ea08ec_like; Type: INDEX; Schema: public; Owner: postgres
--

CREATE INDEX auth_group_name_a6ea08ec_like ON public.auth_group USING btree (name varchar_pattern_ops);


--
-- Name: auth_group_permissions_group_id_b120cbf9; Type: INDEX; Schema: public; Owner: postgres
--

CREATE INDEX auth_group_permissions_group_id_b120cbf9 ON public.auth_group_permissions USING btree (group_id);


--
-- Name: auth_group_permissions_permission_id_84c5c92e; Type: INDEX; Schema: public; Owner: postgres
--

CREATE INDEX auth_group_permissions_permission_id_84c5c92e ON public.auth_group_permissions USING btree (permission_id);


--
-- Name: auth_permission_content_type_id_2f476e4b; Type: INDEX; Schema: public; Owner: postgres
--

CREATE INDEX auth_permission_content_type_id_2f476e4b ON public.auth_permission USING btree (content_type_id);


--
-- Name: auth_user_groups_group_id_97559544; Type: INDEX; Schema: public; Owner: postgres
--

CREATE INDEX auth_user_groups_group_id_97559544 ON public.auth_user_groups USING btree (group_id);


--
-- Name: auth_user_groups_user_id_6a12ed8b; Type: INDEX; Schema: public; Owner: postgres
--

CREATE INDEX auth_user_groups_user_id_6a12ed8b ON public.auth_user_groups USING btree (user_id);


--
-- Name: auth_user_user_permissions_permission_id_1fbb5f2c; Type: INDEX; Schema: public; Owner: postgres
--

CREATE INDEX auth_user_user_permissions_permission_id_1fbb5f2c ON public.auth_user_user_permissions USING btree (permission_id);


--
-- Name: auth_user_user_permissions_user_id_a95ead1b; Type: INDEX; Schema: public; Owner: postgres
--

CREATE INDEX auth_user_user_permissions_user_id_a95ead1b ON public.auth_user_user_permissions USING btree (user_id);


--
-- Name: auth_user_username_6821ab7c_like; Type: INDEX; Schema: public; Owner: postgres
--

CREATE INDEX auth_user_username_6821ab7c_like ON public.auth_user USING btree (username varchar_pattern_ops);


--
-- Name: django_admin_log_content_type_id_c4bce8eb; Type: INDEX; Schema: public; Owner: postgres
--

CREATE INDEX django_admin_log_content_type_id_c4bce8eb ON public.django_admin_log USING btree (content_type_id);


--
-- Name: django_admin_log_user_id_c564eba6; Type: INDEX; Schema: public; Owner: postgres
--

CREATE INDEX django_admin_log_user_id_c564eba6 ON public.django_admin_log USING btree (user_id);


--
-- Name: django_session_expire_date_a5c62663; Type: INDEX; Schema: public; Owner: postgres
--

CREATE INDEX django_session_expire_date_a5c62663 ON public.django_session USING btree (expire_date);


--
-- Name: django_session_session_key_c0390e0f_like; Type: INDEX; Schema: public; Owner: postgres
--

CREATE INDEX django_session_session_key_c0390e0f_like ON public.django_session USING btree (session_key varchar_pattern_ops);


--
-- Name: user_email_ci_uniqueness; Type: INDEX; Schema: public; Owner: postgres
--

CREATE UNIQUE INDEX user_email_ci_uniqueness ON public."Study_user" USING btree (lower((email)::text));


--
-- Name: Study_group Study_group_org_id_97608274_fk_Study_org_id; Type: FK CONSTRAINT; Schema: public; Owner: postgres
--

ALTER TABLE ONLY public."Study_group"
    ADD CONSTRAINT "Study_group_org_id_97608274_fk_Study_org_id" FOREIGN KEY (org_id) REFERENCES public."Study_org"(id) DEFERRABLE INITIALLY DEFERRED;


--
-- Name: Study_location Study_location_org_id_5af65357_fk_Study_org_id; Type: FK CONSTRAINT; Schema: public; Owner: postgres
--

ALTER TABLE ONLY public."Study_location"
    ADD CONSTRAINT "Study_location_org_id_5af65357_fk_Study_org_id" FOREIGN KEY (org_id) REFERENCES public."Study_org"(id) DEFERRABLE INITIALLY DEFERRED;


--
-- Name: Study_period Study_period_org_id_a7f6f93c_fk_Study_org_id; Type: FK CONSTRAINT; Schema: public; Owner: postgres
--

ALTER TABLE ONLY public."Study_period"
    ADD CONSTRAINT "Study_period_org_id_a7f6f93c_fk_Study_org_id" FOREIGN KEY (org_id) REFERENCES public."Study_org"(id) DEFERRABLE INITIALLY DEFERRED;


--
-- Name: Study_session Study_session_location_id_483611d4_fk_Study_location_id; Type: FK CONSTRAINT; Schema: public; Owner: postgres
--

ALTER TABLE ONLY public."Study_session"
    ADD CONSTRAINT "Study_session_location_id_483611d4_fk_Study_location_id" FOREIGN KEY (location_id) REFERENCES public."Study_location"(id) DEFERRABLE INITIALLY DEFERRED;


--
-- Name: Study_session Study_session_org_id_f1a94f24_fk_Study_org_id; Type: FK CONSTRAINT; Schema: public; Owner: postgres
--

ALTER TABLE ONLY public."Study_session"
    ADD CONSTRAINT "Study_session_org_id_f1a94f24_fk_Study_org_id" FOREIGN KEY (org_id) REFERENCES public."Study_org"(id) DEFERRABLE INITIALLY DEFERRED;


--
-- Name: Study_session Study_session_user_id_475a1560_fk_Study_user_id; Type: FK CONSTRAINT; Schema: public; Owner: postgres
--

ALTER TABLE ONLY public."Study_session"
    ADD CONSTRAINT "Study_session_user_id_475a1560_fk_Study_user_id" FOREIGN KEY (user_id) REFERENCES public."Study_user"(id) DEFERRABLE INITIALLY DEFERRED;


--
-- Name: Study_user Study_user_last_location_id_06bd195a_fk_Study_location_id; Type: FK CONSTRAINT; Schema: public; Owner: postgres
--

ALTER TABLE ONLY public."Study_user"
    ADD CONSTRAINT "Study_user_last_location_id_06bd195a_fk_Study_location_id" FOREIGN KEY (last_location_id) REFERENCES public."Study_location"(id) DEFERRABLE INITIALLY DEFERRED;


--
-- Name: Study_user Study_user_org_id_0f6947ca_fk_Study_org_id; Type: FK CONSTRAINT; Schema: public; Owner: postgres
--

ALTER TABLE ONLY public."Study_user"
    ADD CONSTRAINT "Study_user_org_id_0f6947ca_fk_Study_org_id" FOREIGN KEY (org_id) REFERENCES public."Study_org"(id) DEFERRABLE INITIALLY DEFERRED;


--
-- Name: auth_group_permissions auth_group_permissio_permission_id_84c5c92e_fk_auth_perm; Type: FK CONSTRAINT; Schema: public; Owner: postgres
--

ALTER TABLE ONLY public.auth_group_permissions
    ADD CONSTRAINT auth_group_permissio_permission_id_84c5c92e_fk_auth_perm FOREIGN KEY (permission_id) REFERENCES public.auth_permission(id) DEFERRABLE INITIALLY DEFERRED;


--
-- Name: auth_group_permissions auth_group_permissions_group_id_b120cbf9_fk_auth_group_id; Type: FK CONSTRAINT; Schema: public; Owner: postgres
--

ALTER TABLE ONLY public.auth_group_permissions
    ADD CONSTRAINT auth_group_permissions_group_id_b120cbf9_fk_auth_group_id FOREIGN KEY (group_id) REFERENCES public.auth_group(id) DEFERRABLE INITIALLY DEFERRED;


--
-- Name: auth_permission auth_permission_content_type_id_2f476e4b_fk_django_co; Type: FK CONSTRAINT; Schema: public; Owner: postgres
--

ALTER TABLE ONLY public.auth_permission
    ADD CONSTRAINT auth_permission_content_type_id_2f476e4b_fk_django_co FOREIGN KEY (content_type_id) REFERENCES public.django_content_type(id) DEFERRABLE INITIALLY DEFERRED;


--
-- Name: auth_user_groups auth_user_groups_group_id_97559544_fk_auth_group_id; Type: FK CONSTRAINT; Schema: public; Owner: postgres
--

ALTER TABLE ONLY public.auth_user_groups
    ADD CONSTRAINT auth_user_groups_group_id_97559544_fk_auth_group_id FOREIGN KEY (group_id) REFERENCES public.auth_group(id) DEFERRABLE INITIALLY DEFERRED;


--
-- Name: auth_user_groups auth_user_groups_user_id_6a12ed8b_fk_auth_user_id; Type: FK CONSTRAINT; Schema: public; Owner: postgres
--

ALTER TABLE ONLY public.auth_user_groups
    ADD CONSTRAINT auth_user_groups_user_id_6a12ed8b_fk_auth_user_id FOREIGN KEY (user_id) REFERENCES public.auth_user(id) DEFERRABLE INITIALLY DEFERRED;


--
-- Name: auth_user_user_permissions auth_user_user_permi_permission_id_1fbb5f2c_fk_auth_perm; Type: FK CONSTRAINT; Schema: public; Owner: postgres
--

ALTER TABLE ONLY public.auth_user_user_permissions
    ADD CONSTRAINT auth_user_user_permi_permission_id_1fbb5f2c_fk_auth_perm FOREIGN KEY (permission_id) REFERENCES public.auth_permission(id) DEFERRABLE INITIALLY DEFERRED;


--
-- Name: auth_user_user_permissions auth_user_user_permissions_user_id_a95ead1b_fk_auth_user_id; Type: FK CONSTRAINT; Schema: public; Owner: postgres
--

ALTER TABLE ONLY public.auth_user_user_permissions
    ADD CONSTRAINT auth_user_user_permissions_user_id_a95ead1b_fk_auth_user_id FOREIGN KEY (user_id) REFERENCES public.auth_user(id) DEFERRABLE INITIALLY DEFERRED;


--
-- Name: django_admin_log django_admin_log_content_type_id_c4bce8eb_fk_django_co; Type: FK CONSTRAINT; Schema: public; Owner: postgres
--

ALTER TABLE ONLY public.django_admin_log
    ADD CONSTRAINT django_admin_log_content_type_id_c4bce8eb_fk_django_co FOREIGN KEY (content_type_id) REFERENCES public.django_content_type(id) DEFERRABLE INITIALLY DEFERRED;


--
-- Name: django_admin_log django_admin_log_user_id_c564eba6_fk_Study_user_id; Type: FK CONSTRAINT; Schema: public; Owner: postgres
--

ALTER TABLE ONLY public.django_admin_log
    ADD CONSTRAINT "django_admin_log_user_id_c564eba6_fk_Study_user_id" FOREIGN KEY (user_id) REFERENCES public."Study_user"(id) DEFERRABLE INITIALLY DEFERRED;


--
-- PostgreSQL database dump complete
--

